gpa,math_score,programming_score,communication_score,technical_skills,career
2.75,73,51,91,"Network,Security",Software Engineer
3.9,60,55,56,"R,MATLAB",Web Developer
3.46,98,65,46,"JavaScript,HTML",UX Designer
3.2,57,65,64,"Python,SQL",Network Engineer
2.31,85,87,84,"Python,SQL",Software Engineer
2.31,87,60,43,"R,MATLAB",Machine Learning Engineer
2.12,89,78,75,"R,MATLAB",Machine Learning Engineer
3.73,69,75,45,"Java,C++",Data Scientist
3.2,84,72,99,"JavaScript,HTML",UX Designer
3.42,97,69,70,"JavaScript,HTML",Cybersecurity Analyst
2.04,74,76,58,"Network,Security",UX Designer
3.94,84,62,83,"Java,C++",Network Engineer
3.66,74,97,93,"Java,C++",Web Developer
2.42,78,49,78,"Java,C++",Machine Learning Engineer
2.36,67,93,66,"Java,C++",Web Developer
2.37,95,44,49,"JavaScript,HTML",Web Developer
2.61,67,75,65,"JavaScript,HTML",Web Developer
3.05,51,73,58,"Java,C++",Machine Learning Engineer
2.86,84,91,78,"Network,Security",Database Administrator
2.58,65,70,42,"Python,SQL",Data Analyst
3.22,90,49,84,"Python,SQL",Network Engineer
2.28,85,97,52,"Network,Security",Database Administrator
2.58,82,58,89,"Java,C++",Network Engineer
2.73,53,97,67,"JavaScript,HTML",Software Engineer
2.91,82,71,97,"Python,SQL",UX Designer
3.57,63,40,59,"R,MATLAB",UX Designer
2.4,70,95,67,"R,MATLAB",Business Analyst
3.03,97,44,47,"Network,Security",UX Designer
3.18,69,84,80,"Java,C++",Machine Learning Engineer
2.09,57,43,78,"Python,SQL",Cybersecurity Analyst
3.22,56,55,40,"Java,C++",Data Scientist
2.34,52,63,42,"Python,SQL",Business Analyst
2.13,66,55,52,"Network,Security",Data Scientist
3.9,82,94,67,"Network,Security",Network Engineer
3.93,97,41,96,"R,MATLAB",Data Scientist
3.62,61,88,99,"Java,C++",Data Scientist
2.61,71,67,88,"R,MATLAB",Business Analyst
2.2,71,71,64,"Java,C++",Software Engineer
3.37,95,66,95,"R,MATLAB",Web Developer
2.88,79,59,72,"JavaScript,HTML",UX Designer
2.24,87,63,77,"JavaScript,HTML",UX Designer
2.99,87,51,92,"JavaScript,HTML",Machine Learning Engineer
2.07,94,89,45,"JavaScript,HTML",Business Analyst
3.82,57,74,97,"Python,SQL",Machine Learning Engineer
2.52,76,99,83,"JavaScript,HTML",Cybersecurity Analyst
3.33,76,72,84,"Network,Security",Cybersecurity Analyst
2.62,83,72,71,"Network,Security",Machine Learning Engineer
3.04,70,90,84,"Python,SQL",Business Analyst
3.09,79,82,86,"JavaScript,HTML",Machine Learning Engineer
2.37,82,76,60,"JavaScript,HTML",UX Designer
3.94,77,51,55,"JavaScript,HTML",Database Administrator
3.55,96,42,93,"R,MATLAB",Data Analyst
3.88,82,40,60,"Java,C++",Data Scientist
3.79,54,72,50,"R,MATLAB",Data Analyst
3.2,97,79,99,"Java,C++",Business Analyst
3.84,68,49,76,"JavaScript,HTML",Data Analyst
2.18,53,82,75,"JavaScript,HTML",Cybersecurity Analyst
2.39,84,83,74,"R,MATLAB",Network Engineer
2.09,98,68,58,"R,MATLAB",Data Scientist
2.65,66,52,59,"Java,C++",Web Developer
2.78,93,51,96,"Network,Security",Business Analyst
2.54,77,70,57,"Java,C++",Data Scientist
3.66,79,85,86,"R,MATLAB",Data Analyst
2.71,78,41,80,"R,MATLAB",Cybersecurity Analyst
2.56,95,90,88,"Python,SQL",Software Engineer
3.09,55,89,53,"R,MATLAB",Database Administrator
2.28,84,74,54,"Python,SQL",Web Developer
3.6,90,62,70,"Network,Security",Database Administrator
2.15,86,56,40,"Java,C++",Data Scientist
3.97,73,65,92,"Java,C++",Cybersecurity Analyst
3.54,78,47,93,"Python,SQL",Cybersecurity Analyst
2.4,98,68,93,"Java,C++",Data Analyst
2.01,95,65,42,"R,MATLAB",UX Designer
3.63,80,49,55,"JavaScript,HTML",Data Analyst
3.41,84,65,62,"Python,SQL",UX Designer
3.46,82,73,96,"Java,C++",UX Designer
3.54,70,90,50,"Python,SQL",Web Developer
2.15,81,80,51,"Python,SQL",Data Analyst
2.72,72,46,49,"JavaScript,HTML",Software Engineer
2.23,82,43,71,"R,MATLAB",Machine Learning Engineer
3.73,52,97,55,"Python,SQL",Machine Learning Engineer
3.25,67,92,47,"Java,C++",Data Analyst
2.66,74,89,77,"Network,Security",Data Analyst
2.13,91,84,51,"Python,SQL",Database Administrator
2.62,80,50,63,"Python,SQL",Web Developer
2.65,52,68,67,"JavaScript,HTML",Data Analyst
3.46,89,95,92,"R,MATLAB",Database Administrator
3.28,95,75,47,"Network,Security",UX Designer
3.77,73,64,97,"Java,C++",Cybersecurity Analyst
2.94,99,60,67,"Network,Security",Cybersecurity Analyst
2.24,81,96,75,"Java,C++",UX Designer
3.43,96,75,65,"R,MATLAB",Business Analyst
3.52,71,49,47,"Java,C++",Database Administrator
3.12,72,76,97,"JavaScript,HTML",Database Administrator
3.54,51,48,99,"JavaScript,HTML",UX Designer
2.99,76,63,89,"JavaScript,HTML",Software Engineer
3.05,91,74,67,"JavaScript,HTML",Network Engineer
2.86,51,88,67,"Network,Security",Data Scientist
2.05,75,74,76,"R,MATLAB",UX Designer
2.22,66,87,80,"Java,C++",Data Analyst
2.06,89,75,75,"Java,C++",Data Analyst
3.27,82,57,66,"JavaScript,HTML",Web Developer
2.63,58,88,93,"JavaScript,HTML",UX Designer
3.02,92,78,56,"Python,SQL",Web Developer
3.82,97,71,48,"R,MATLAB",UX Designer
2.5,88,63,72,"Network,Security",Database Administrator
2.82,78,62,92,"Java,C++",Data Scientist
3.51,91,71,59,"Python,SQL",Database Administrator
2.46,75,76,52,"Python,SQL",Network Engineer
2.15,84,51,67,"Java,C++",Cybersecurity Analyst
2.58,99,88,87,"Network,Security",Machine Learning Engineer
2.32,74,94,68,"Python,SQL",UX Designer
3.86,73,52,52,"Python,SQL",Network Engineer
3.62,62,62,85,"R,MATLAB",Cybersecurity Analyst
3.27,56,64,74,"Network,Security",Business Analyst
3.74,85,74,45,"Python,SQL",Data Scientist
3.61,94,80,57,"Network,Security",Web Developer
2.37,69,69,90,"Java,C++",Web Developer
3.79,50,56,44,"JavaScript,HTML",Database Administrator
3.08,57,88,86,"Python,SQL",Data Analyst
3.61,95,59,64,"R,MATLAB",Cybersecurity Analyst
3.79,65,87,41,"Java,C++",Business Analyst
2.64,63,64,49,"Network,Security",Network Engineer
2.22,61,61,95,"Java,C++",Data Scientist
2.46,72,52,69,"Python,SQL",Cybersecurity Analyst
2.85,64,98,89,"Network,Security",Business Analyst
3.64,77,58,98,"JavaScript,HTML",Machine Learning Engineer
3.72,83,88,84,"Java,C++",UX Designer
2.01,51,75,44,"Python,SQL",Web Developer
3.02,81,51,94,"R,MATLAB",Network Engineer
2.83,72,80,95,"Network,Security",Web Developer
2.44,71,58,72,"Java,C++",Network Engineer
2.24,74,51,93,"Java,C++",Database Administrator
2.68,71,48,40,"JavaScript,HTML",Data Analyst
3.89,71,46,57,"JavaScript,HTML",Network Engineer
2.65,98,67,71,"R,MATLAB",Web Developer
3.04,91,53,86,"R,MATLAB",Database Administrator
3.41,55,70,88,"Python,SQL",Network Engineer
2.73,64,91,50,"Python,SQL",Machine Learning Engineer
3.94,92,58,60,"R,MATLAB",Data Analyst
3.92,86,97,65,"R,MATLAB",Network Engineer
2.5,82,86,64,"Network,Security",Database Administrator
2.99,57,55,61,"JavaScript,HTML",Cybersecurity Analyst
2.6,93,92,98,"Python,SQL",Software Engineer
2.57,93,44,66,"JavaScript,HTML",Business Analyst
2.07,54,74,88,"JavaScript,HTML",Software Engineer
3.22,88,51,52,"R,MATLAB",Software Engineer
3.01,53,64,72,"Network,Security",Data Scientist
2.1,55,91,73,"Java,C++",Machine Learning Engineer
2.56,94,98,80,"Network,Security",Cybersecurity Analyst
3.82,81,60,74,"Network,Security",UX Designer
2.48,79,75,40,"JavaScript,HTML",Network Engineer
2.29,96,92,60,"Network,Security",Business Analyst
2.98,84,62,87,"Python,SQL",Data Analyst
3.97,89,55,94,"JavaScript,HTML",Cybersecurity Analyst
2.48,65,96,45,"Python,SQL",Web Developer
3.34,62,78,67,"Java,C++",UX Designer
3.52,99,84,56,"JavaScript,HTML",Data Scientist
2.48,91,92,44,"Java,C++",Data Scientist
3.46,79,81,70,"JavaScript,HTML",Cybersecurity Analyst
2.74,68,97,44,"R,MATLAB",Database Administrator
3.26,66,78,77,"Network,Security",Software Engineer
3.27,68,53,42,"R,MATLAB",Web Developer
3.07,77,70,92,"Java,C++",Data Scientist
2.18,75,97,62,"Network,Security",Business Analyst
3.67,86,44,76,"JavaScript,HTML",Data Scientist
2.64,75,74,92,"Network,Security",Data Analyst
2.37,72,62,76,"Python,SQL",Network Engineer
2.08,58,68,49,"Network,Security",Data Scientist
3.18,61,82,49,"Python,SQL",Data Analyst
3.36,50,50,58,"Network,Security",Cybersecurity Analyst
2.03,50,57,56,"Python,SQL",Cybersecurity Analyst
3.02,96,86,60,"Java,C++",UX Designer
2.45,83,51,53,"R,MATLAB",Data Scientist
3.29,81,48,48,"JavaScript,HTML",Business Analyst
2.35,97,49,85,"Network,Security",Data Scientist
3.38,74,97,40,"R,MATLAB",Business Analyst
2.77,89,83,90,"JavaScript,HTML",Machine Learning Engineer
3.87,94,56,84,"JavaScript,HTML",UX Designer
2.28,50,77,52,"Python,SQL",Machine Learning Engineer
2.68,65,46,43,"Java,C++",Data Scientist
2.23,88,85,40,"Java,C++",UX Designer
3.85,54,52,88,"R,MATLAB",Machine Learning Engineer
3.75,71,79,79,"Java,C++",Software Engineer
2.52,78,81,71,"Network,Security",Data Scientist
3.32,52,48,73,"Java,C++",Machine Learning Engineer
3.63,61,89,67,"R,MATLAB",Software Engineer
3.11,75,66,70,"Java,C++",Software Engineer
3.06,65,97,47,"Network,Security",Cybersecurity Analyst
2.48,86,41,78,"Python,SQL",Data Scientist
2.19,71,44,65,"R,MATLAB",Software Engineer
3.79,78,68,97,"Python,SQL",Cybersecurity Analyst
3.8,63,76,73,"Python,SQL",Machine Learning Engineer
3.27,77,77,93,"Python,SQL",Data Analyst
2.68,54,58,93,"JavaScript,HTML",Data Scientist
2.7,96,47,42,"JavaScript,HTML",UX Designer
3.45,98,87,98,"Python,SQL",Business Analyst
3.79,79,84,89,"R,MATLAB",Business Analyst
3.77,95,40,51,"Network,Security",Machine Learning Engineer
3.56,54,61,40,"Network,Security",Database Administrator
